outcome,beta2_level,beta2_pvalue,beta3_slope,beta3_pvalue
Total Drug Overdose Deaths,26850.179310344836,1.4221210181986585e-39,-831.8071190211231,2.168930967652043e-36
Synthetic Opioid Deaths,14821.696625880615,2.367929277194913e-33,-386.59399332591295,6.576362684087865e-11
Heroin Deaths,6919.979755283646,1.038990655726585e-108,-253.25094549499187,0.0
Cocaine Deaths,7380.369150908414,1.5318362707841975e-34,-189.34860956618212,1.4583971128636917e-14
Natural/Semi-synthetic Opioid Deaths,7061.497219132365,3.9104306896136643e-53,-230.40734149054242,3.949224736501204e-71
Psychostimulant Deaths,-2004.2076381164288,2.645881700490875e-06,76.08275862068942,1.602803565616724e-09
