outcome,pre_mean,pre_sd,post_mean,post_sd,pct_change
Total Drug Overdose Deaths,56708.23333333333,6936.760287663525,69019.33333333333,1101.3409172876281,21.709545997729897
Synthetic Opioid Deaths (Fentanyl),13387.166666666666,6104.617371066465,30913.9,2604.8621162793984,130.92190281737487
Heroin Deaths,13756.433333333332,1740.5569200557686,15061.933333333332,533.7604999101824,9.490105235610976
Cocaine Deaths,8230.233333333334,2293.906541152065,14566.566666666668,632.5006573982317,76.98850174357148
Natural/Semi-synthetic Opioid Deaths,13421.233333333334,952.360830029623,13164.333333333334,1123.5219971860452,-1.9141310907840037
Psychostimulant Deaths,6392.233333333334,1367.1068036710512,12477.7,2037.9134046439722,95.20094698253611
